Nom,Pr√©nom,Email,Phone
Calderon,Henry,colemanjohn@example.net,+1-355-993-7476x59177
Ayers,Lauren,award@example.com,677-720-6988
Watkins,Kathleen,uharris@example.com,(472)512-9575
Jones,Stephen,tford@example.org,(588)618-3777
Jackson,Rhonda,sharimoore@example.net,+1-317-712-4049x659
Lee,William,james66@example.org,4738256678
Davenport,Justin,johnstontina@example.net,(336)504-5205x20337
Figueroa,Samuel,wayne62@example.net,373.616.1253x5326
Thomas,Corey,hillalicia@example.net,(348)466-2321x43935
Hernandez,Karen,katielewis@example.org,(387)351-8927x62097
Mckenzie,Elizabeth,william31@example.com,001-270-761-3723x05615
Mendoza,Kyle,rmoon@example.com,254-334-4300x99715
Cole,Craig,danielbarrett@example.org,929-712-6231x08746
Oconnor,Adam,ricedawn@example.net,573-218-7943
Sherman,Jennifer,qholland@example.net,(308)202-8421
Chaney,Jonathan,nashmatthew@example.com,392.662.6497x51564
Ellison,James,amy66@example.com,001-794-444-4778x70561
Walker,Kenneth,wayne00@example.com,553.650.1843x49351
Thompson,Stephen,christopher63@example.org,(362)766-9245x04631
Kelly,Elizabeth,brian11@example.com,+1-849-546-9179x4816
